rsID,chr_name,chr_position,effect_weight,drop_reason
rs36096196,1,2320766,0.0468999998862776,retained_in_final_output
rs2493298,1,3409348,0.0514000003442674,retained_in_final_output
rs61776719,1,37995647,0.0412999999374603,retained_in_final_output
rs11206510,1,55030366,0.0676586484738148,retained_in_final_output
rs11591147,1,55039974,0.2406000002498274,retained_in_final_output
rs9970807,1,56499992,0.1142211440900228,retained_in_final_output
rs61772618,1,56532813,0.0760346862759975,retained_in_final_output
rs12740374,1,109274968,0.1238999999364204,retained_in_final_output
rs11806316,1,115210861,0.0337000000988602,retained_in_final_output
rs4845570,1,151786628,0.0580000002733872,retained_in_final_output
rs12133641,1,154455807,0.0427999998572345,retained_in_final_output
rs1892094,1,169125221,0.0361999996193122,retained_in_final_output
rs6700559,1,200676945,0.0284000000215598,retained_in_final_output
rs2820315,1,201903136,0.0358999999137707,retained_in_final_output
rs60154123,1,210295654,0.0443999995789793,retained_in_final_output
rs17465637,1,222650187,0.0817000000670635,retained_in_final_output
rs699,1,230710048,0.0359999995264351,retained_in_final_output
rs16986953,2,19742712,0.0811999995989835,retained_in_final_output
rs668948,2,21068657,0.0629999997828172,retained_in_final_output
rs4299376,2,43845437,0.0573000002050151,retained_in_final_output
rs4076834,2,43854488,0.1133286853070032,retained_in_final_output
rs582384,2,45669298,0.0331999999791607,retained_in_final_output
rs7568458,2,85561052,0.0667236320429081,retained_in_final_output
rs6740731,2,144513025,0.0504999996624792,retained_in_final_output
rs17678683,2,144528992,0.0834216081390723,no_positional_match_in_gi
rs2252641,2,145043894,0.0368000000130447,retained_in_final_output
rs12619842,2,164088534,0.0549000000979202,retained_in_final_output
rs840616,2,187331742,0.0401999998416646,retained_in_final_output
rs72926772,2,202939566,0.1222176327242491,retained_in_final_output
rs1250229,2,215439661,0.0434999997012558,retained_in_final_output
rs61741262,2,217804502,0.0620000002556164,retained_in_final_output
rs2571445,2,217818431,0.0370000001559641,retained_in_final_output
rs1801251,2,232768750,0.0582689081239758,retained_in_final_output
rs11677932,2,237315312,0.0338999995744768,retained_in_final_output
rs1077534,3,14836067,0.0585000002880492,no_positional_match_in_gi
rs13079221,3,14860018,0.0405000002856751,palindromic_ambiguous_freq
rs7633770,3,46647072,0.0294999995418257,retained_in_final_output
rs7617773,3,48152025,0.0354999998764017,retained_in_final_output
rs73082363,3,49092945,0.0614000001917364,retained_in_final_output
rs7623687,3,49411133,0.0667236320429081,no_positional_match_in_gi
rs17843797,3,124734175,0.0678999997200912,retained_in_final_output
rs10512861,3,132539117,0.0431000001341314,retained_in_final_output
rs667920,3,136350630,0.0489000000420136,retained_in_final_output
rs2306374,3,138401110,0.1133286853070032,retained_in_final_output
rs433903,3,154262341,0.0778865386570712,retained_in_final_output
rs4266144,3,157134803,0.034600000237021,palindromic_ambiguous_freq
rs12897,3,172398112,0.0357999999485161,retained_in_final_output
rs16844401,4,3447925,0.0682999997734407,retained_in_final_output
rs17087335,4,56972417,0.0563803334361076,retained_in_final_output
rs12500824,4,76495474,0.0336000003469826,retained_in_final_output
rs10857147,4,80259918,0.0490999999748849,retained_in_final_output
rs11099493,4,81665896,0.0390000003364608,retained_in_final_output
rs3775058,4,95196220,0.0386000003586392,retained_in_final_output
rs11723436,4,119980181,0.0518999998045929,retained_in_final_output
rs35879803,4,145861685,0.049742091894814,no_positional_match_in_gi
rs4593108,4,147359849,0.0626999999051836,retained_in_final_output
rs6842241,4,147479667,0.0810000003995307,retained_in_final_output
rs13118820,4,155515365,0.0420000002389856,retained_in_final_output
rs72689147,4,155718736,0.0704584636485613,retained_in_final_output
rs7696431,4,168766574,0.0311000003930725,retained_in_final_output
rs112941079,5,9545986,0.0615000004430945,retained_in_final_output
rs3936511,5,56564954,0.0366000003526576,retained_in_final_output
rs113075218,5,122026055,0.0447999997553134,no_positional_match_in_gi
rs273909,5,132331660,0.0488000003115331,retained_in_final_output
rs246600,5,143137332,0.0430000001430999,retained_in_final_output
rs9501744,6,1616908,0.0552999996130232,retained_in_final_output
rs9369640,6,12901209,0.0861776962410524,retained_in_final_output
rs6456496,6,22599157,0.048790164169432,no_positional_match_in_gi
rs2072633,6,31951801,0.0411000000331411,retained_in_final_output
rs2814993,6,34651116,0.0609999998238823,retained_in_final_output
rs17609940,6,35067023,0.0676586484738148,retained_in_final_output
rs1334894,6,35647353,0.0481999995803738,no_positional_match_in_gi
rs1321309,6,36670859,0.0279999995902111,retained_in_final_output
rs56336142,6,39166323,0.0563803334361076,retained_in_final_output
rs6905288,6,43791136,0.0386000003586392,retained_in_final_output
rs71566846,6,57283373,0.0829000001841702,retained_in_final_output
rs9367716,6,57295774,0.0374999999211866,retained_in_final_output
rs56171536,6,73706145,0.0460000000411268,retained_in_final_output
rs4613862,6,81902554,0.0319000002741115,retained_in_final_output
rs1591805,6,126395918,0.0370000001559641,retained_in_final_output
rs1966248,6,133838484,0.0759999998542267,palindromic_ambiguous_freq
rs2327433,6,133893089,0.0760346862759975,retained_in_final_output
rs17080091,6,150676265,0.0536999997474418,retained_in_final_output
rs624249,6,160258368,0.0582689081239758,retained_in_final_output
rs2048327,6,160442500,0.0512932944375505,retained_in_final_output
rs55730499,6,160584578,0.3121999997855713,retained_in_final_output
rs41272114,6,160585045,0.1152999999175169,retained_in_final_output
rs9365196,6,160635080,0.0582689081239758,no_positional_match_in_gi
rs9457995,6,160681611,0.0704584636485613,retained_in_final_output
rs186696265,6,160690668,0.5466999999430665,low_maf_below_1pct
rs4252120,6,160722576,0.0582689081239758,retained_in_final_output
rs10267593,7,1897625,0.0359999995264351,retained_in_final_output
rs7797644,7,6446436,0.0386000003586392,retained_in_final_output
rs11509880,7,12222285,0.0327000004019811,retained_in_final_output
rs2107595,7,19009765,0.0751999997459151,retained_in_final_output
rs2107732,7,45038379,0.056699999728698,retained_in_final_output
rs2189839,7,107589581,0.0344999996366403,retained_in_final_output
rs975722,7,117692860,0.0282999996022322,retained_in_final_output
rs11556924,7,130023656,0.0548000003010775,retained_in_final_output
rs10237377,7,140057336,0.0337999995194356,retained_in_final_output
rs3918226,7,150993088,0.1070999995780673,low_maf_below_1pct
rs6997340,8,18429487,0.0330999995519248,retained_in_final_output
rs6997330,8,19943018,0.1291000001170777,no_positional_match_in_gi
rs264,8,19955669,0.0632000000928348,retained_in_final_output
rs73225842,8,22172552,0.0957999998229106,retained_in_final_output
rs10093110,8,105553186,0.0319000002741115,retained_in_final_output
rs2954029,8,125478730,0.048790164169432,retained_in_final_output
rs896655,9,21706572,0.0399999998151555,retained_in_final_output
rs3731249,9,21970917,0.1705863005755336,low_maf_below_1pct
rs3217978,9,22007331,0.1545999997250954,retained_in_final_output
rs4977754,9,22062013,0.1079571415050923,retained_in_final_output
rs2891168,9,22098620,0.1891000003157225,retained_in_final_output
rs13301964,9,22113325,0.211880359035499,low_maf_below_1pct
rs35093463,9,104823957,0.0359999995264351,retained_in_final_output
rs2140480,9,107763828,0.047199999575221,retained_in_final_output
rs885150,9,121657894,0.0354999998764017,retained_in_final_output
rs507666,9,133273983,0.0733999998147229,retained_in_final_output
rs61848342,10,12261814,0.0363000000973517,retained_in_final_output
rs10826753,10,30037847,0.048790164169432,retained_in_final_output
rs10793514,10,44001523,0.066900000025176,retained_in_final_output
rs1657346,10,44282112,0.0917999999614691,retained_in_final_output
rs12264252,10,80517585,0.0434999997012558,retained_in_final_output
rs2246942,10,89245129,0.0705999997641921,retained_in_final_output
rs12413409,10,102959339,0.1133286853070032,retained_in_final_output
rs12765878,10,103909864,0.0327000004019811,retained_in_final_output
rs4752700,10,122478096,0.0331999999791607,retained_in_final_output
rs73386640,11,203235,0.0359999995264351,retained_in_final_output
rs11601507,11,5679844,0.078200000161178,retained_in_final_output
rs360153,11,9740727,0.048790164169432,retained_in_final_output
rs11042937,11,10723847,0.048790164169432,retained_in_final_output
rs1351525,11,13280001,0.04783732941416,retained_in_final_output
rs7116641,11,43675367,0.0314000003702679,retained_in_final_output
rs12801636,11,65623846,0.0402999997446845,retained_in_final_output
rs659418,11,75573289,0.0529999998868051,retained_in_final_output
rs4754698,11,100761177,0.0368000000130447,retained_in_final_output
rs2128739,11,103802549,0.0738999998146883,retained_in_final_output
rs964184,11,116778201,0.0704999995986065,retained_in_final_output
rs11838267,12,7068568,0.0514000003442674,retained_in_final_output
rs10841443,12,20067099,0.0460000000411268,retained_in_final_output
rs11170820,12,54120131,0.0832000003292057,retained_in_final_output
rs11172113,12,57133500,0.0582689081239758,retained_in_final_output
rs11613352,12,57398797,0.0359999995264351,retained_in_final_output
rs7136259,12,89687411,0.0295588022415444,retained_in_final_output
rs11107903,12,95114195,0.0746999998707239,retained_in_final_output
rs3858704,12,111268089,0.0295588022415444,retained_in_final_output
rs3184504,12,111446804,0.0741999996333491,retained_in_final_output
rs17696736,12,112049014,0.0582689081239758,retained_in_final_output
rs7139170,12,112825713,0.0392207131532813,no_positional_match_in_gi
rs2244608,12,120979185,0.0517999995907836,retained_in_final_output
rs11057830,12,124822507,0.065499999706378,retained_in_final_output
rs9513112,13,28423565,0.040400000213181,retained_in_final_output
rs9591012,13,32484196,0.0440999996660386,retained_in_final_output
rs11617955,13,110165755,0.0810999999276591,retained_in_final_output
rs4773144,13,110308365,0.0512932944375505,retained_in_final_output
rs55940034,13,110390962,0.0582689081239758,retained_in_final_output
rs9515203,13,110397276,0.059600000129695,retained_in_final_output
rs1317507,13,112977466,0.0398000001418624,no_positional_match_in_gi
rs2145598,14,58327283,0.0282999996022322,retained_in_final_output
rs3832966,14,75147801,0.0525924501191706,no_positional_match_in_gi
rs112635299,14,94371805,0.1363000002410229,no_positional_match_in_gi
rs8003602,14,99682624,0.053900000026425,retained_in_final_output
rs6494488,15,64732005,0.0382000000952095,retained_in_final_output
rs17228058,15,67157967,0.065699999797511,retained_in_final_output
rs8039034,15,78725519,0.0732504617395927,retained_in_final_output
rs4468572,15,78832133,0.0806579030174545,retained_in_final_output
rs1807214,15,89022026,0.0639000001389198,retained_in_final_output
rs17514846,15,90873320,0.0558999997578707,no_positional_match_in_gi
rs17581137,15,95603185,0.037299999571038,retained_in_final_output
rs3764261,16,56959412,0.0512932944375505,retained_in_final_output
rs1050362,16,72096916,0.0351999995605847,no_positional_match_in_gi
rs12930452,16,75428157,0.0518999998045929,retained_in_final_output
rs7199941,16,81872818,0.0367000003630077,retained_in_final_output
rs7500448,16,83012185,0.055699999982382,retained_in_final_output
rs7209460,17,2145419,0.0530999996622285,retained_in_final_output
rs12936587,17,17640408,0.0319999997044907,retained_in_final_output
rs13723,17,29614868,0.0395000001105863,retained_in_final_output
rs76954792,17,31706495,0.0393000003945802,retained_in_final_output
rs2074158,17,42105145,0.0542999999646868,retained_in_final_output
rs17608766,17,46935905,0.0468999998862776,retained_in_final_output
rs46522,17,48911235,0.0582689081239758,retained_in_final_output
rs16948048,17,49363104,0.0533999996748132,retained_in_final_output
rs7212798,17,60936127,0.0751074724868054,retained_in_final_output
rs9892152,17,64324605,0.0329999997665275,retained_in_final_output
rs9951447,18,22429728,0.0219999995397984,retained_in_final_output
rs9964304,18,49703347,0.0382000000952095,retained_in_final_output
rs663640,18,60178844,0.0383000000039061,retained_in_final_output
rs116843064,19,8364439,0.1402000003268059,retained_in_final_output
rs1122608,19,11052925,0.131028262406404,retained_in_final_output
rs6511720,19,11091630,0.1358999998832711,retained_in_final_output
rs4804573,19,11166556,0.048790164169432,retained_in_final_output
rs73015714,19,17744954,0.0592999999509556,retained_in_final_output
rs73045269,19,41319286,0.06999999976297,retained_in_final_output
rs12980942,19,41326326,0.0609000003668692,retained_in_final_output
rs4803455,19,41345604,0.048400000446417,retained_in_final_output
rs7412,19,44908822,0.1368000001519904,retained_in_final_output
rs4420638,19,44919689,0.0898407039997895,retained_in_final_output
rs1964272,19,45687010,0.0459289318883997,retained_in_final_output
rs6088590,20,34725762,0.0337999995194356,retained_in_final_output
rs867186,20,35176751,0.0573000002050151,retained_in_final_output
rs6102343,20,41295639,0.0371999998096458,retained_in_final_output
rs3827066,20,45957384,0.0424000000144278,retained_in_final_output
rs260020,20,59138970,0.0517999995907836,retained_in_final_output
rs73193808,21,29162981,0.0489000000420136,no_positional_match_in_gi
rs7279974,21,34294661,0.0676586484738148,retained_in_final_output
rs180803,22,24262890,0.1680535849962497,retained_in_final_output
