gene_symbol,n_snps,gene_prs,avg_beta,avg_freq,gene_pct
PCSK9,2,0.6098459756129126,0.15412932436182109,0.9758724835,5.13
CDKN2B-AS1,2,0.39126991541655365,0.1485285709104074,0.7150753999999999,3.29
CDKN2B,1,0.3085197099794004,0.1545999997250954,0.99779984,2.6
LPA,3,0.3077760437946767,0.16598615445054984,0.4899329333333333,2.59
POM121L9P,1,0.28672832122022135,0.1680535849962497,0.853086,2.41
ANGPTL4,1,0.280342612307078,0.1402000003268059,0.999795334,2.36
APOE,1,0.26140545677043214,0.1368000001519904,0.9554293,2.2
LDLR,1,0.2534426549623099,0.1358999998832711,0.9324601,2.13
INTERGENIC_chr10,3,0.24968948404593083,0.06500000002799894,0.5852823333333333,2.1
ABCG8,2,0.23947816165681257,0.08531434275600915,0.57700035,2.02
PLPP3,2,0.22183437972732425,0.09512791518301016,0.49427145,1.87
SMARCA4,1,0.20362945026664359,0.131028262406404,0.7770440000000001,1.71
CELSR2,1,0.18682657970412944,0.1238999999364204,0.753941,1.57
CNNM2,1,0.18236988034025323,0.1133286853070032,0.8046059999999999,1.53
INTERGENIC_chr4,4,0.17114047726170428,0.05142499998091175,0.41001425,1.44
INTERGENIC_chr2,3,0.16765477794960326,0.0566666664237935,0.5692823333333333,1.41
COL4A2,3,0.16348686273345772,0.05638740089707376,0.47647199999999995,1.38
TGFB1,2,0.16118342703444372,0.0546500004066431,0.7158377499999999,1.36
TNS1,2,0.15409338063826847,0.04950000020579025,0.70877875,1.3
INTERGENIC_chr15,2,0.15262750294549948,0.05105000011706465,0.7102685,1.28
COL4A1,1,0.14926018668686045,0.0810999999276591,0.9202231,1.26
ARHGEF26,1,0.14765839039761677,0.0778865386570712,0.947907,1.24
PHACTR1,1,0.1391985238533599,0.0861776962410524,0.807625,1.17
FGD6,1,0.13346170896903067,0.0746999998707239,0.8933180000000001,1.12
ANKS1A,1,0.12624722210436448,0.0676586484738148,0.9329718,1.06
INTERGENIC_chr6,2,0.1217194440248325,0.046690166796035854,0.593075,1.02
SEMA5A,1,0.11732326794528933,0.0615000004430945,0.9538477,0.99
GUCY1A1,1,0.11612513044388523,0.0704584636485613,0.824068,0.98
SMAD3,1,0.11387859804902338,0.065699999797511,0.866656,0.96
MORF4L1,1,0.11236291153555553,0.0806579030174545,0.69654,0.95
APOB,1,0.11219052561324043,0.0629999997828172,0.890401,0.94
CCM2,1,0.11022614893258245,0.056699999728698,0.9720119,0.93
QARS1,1,0.10724111753488642,0.0614000001917364,0.873299,0.9
PLG,1,0.10700224927884246,0.0582689081239758,0.9181762,0.9
FOXC1,1,0.10662170619388558,0.0552999996130232,0.9640299,0.9
TDRKH,1,0.10354983648808964,0.0580000002733872,0.892671,0.87
LPL,1,0.10155342574917234,0.0632000000928348,0.803429,0.85
CDH13,1,0.09706460236929831,0.055699999982382,0.871316,0.82
PROCR,1,0.09593395234324448,0.0573000002050151,0.83712,0.81
MIA3,1,0.0935732976768097,0.0817000000670635,0.572664,0.79
C1S,1,0.09253157589975886,0.0514000003442674,0.9001126,0.78
ZC3HC1,1,0.0913520389018986,0.0548000003010775,0.833504,0.77
SERPINH1,1,0.09026440580721753,0.0529999998868051,0.851551,0.76
CYP46A1,1,0.08952994824389293,0.053900000026425,0.830519,0.75
PLEKHG1,1,0.08949813797907842,0.0536999997474418,0.833316,0.75
SLC22A2,1,0.08886148334285807,0.0582689081239758,0.762512,0.75
STAG1,1,0.08056235886921707,0.0489000000420136,0.823746,0.68
N4BP2L2,1,0.07686577021790929,0.0440999996660386,0.871494,0.65
LIPA,1,0.0753263873484057,0.0705999997641921,0.533473,0.63
KCNJ13,1,0.07474595688764119,0.0582689081239758,0.641388,0.63
DNAJC13,1,0.07447430043177128,0.0431000001341314,0.863971,0.63
INTERGENIC_chr9,2,0.07275889400714702,0.043599999695188255,0.442413,0.61
CETP,1,0.07190201686325841,0.0512932944375505,0.7008909999999999,0.61
CHRNB4,1,0.0704766132544378,0.0732504617395927,0.481066,0.59
INTERGENIC_chr1,2,0.06714911613543027,0.03904999983891975,0.48351615000000003,0.57
DAGLB,1,0.06613129621443717,0.0386000003586392,0.856623,0.56
R3HDM2,1,0.06451999115126657,0.0359999995264351,0.896111,0.54
INTERGENIC_chr18,3,0.06429093532058502,0.032833333212971334,0.33352333333333334,0.54
JCAD,1,0.06384173465504508,0.048790164169432,0.6542479999999999,0.54
INTERGENIC_chr17,2,0.06314403242206008,0.03565000004953545,0.4778655,0.53
IL6R,1,0.06263523179107125,0.0427999998572345,0.7317199999999999,0.53
INTERGENIC_chr3,2,0.06253754258146185,0.0324999997091137,0.46427450000000003,0.53
SMG6,1,0.062381348603189425,0.0530999996622285,0.587395,0.53
INTERGENIC_chr12,1,0.06200818405543909,0.0460000000411268,0.674002,0.52
KANK2,1,0.06189276275713296,0.048790164169432,0.6342749999999999,0.52
VEGFA,1,0.060752540564462235,0.0386000003586392,0.78695,0.51
RASGEF1B,1,0.060453822521547206,0.0390000003364608,0.775049,0.51
TRIB1AL,1,0.060190864250574835,0.048790164169432,0.616834,0.51
BMAL1,1,0.059513943150862315,0.04783732941416,0.622045,0.5
Y_RNA,1,0.05947101416841904,0.048790164169432,0.609457,0.5
UBE2Z,1,0.05761851057149599,0.0582689081239758,0.494419,0.48
PCNX3,1,0.056768917040347776,0.0402999997446845,0.704329,0.48
LINC00924,1,0.05589845075714983,0.037299999571038,0.749309,0.47
TSPAN14,1,0.05390311162981053,0.0434999997012558,0.619576,0.45
CALCRL-AS1,1,0.05389630058771909,0.0401999998416646,0.670352,0.45
CFDP1,1,0.05368452939787402,0.0518999998045929,0.517192,0.45
NELFE,1,0.05365720084326663,0.0411000000331411,0.652764,0.45
PDGFDDN,1,0.053613415265558954,0.0738999998146883,0.362743,0.45
ATP1B1,1,0.051782072255447426,0.0361999996193122,0.715222,0.44
GIPR,1,0.04904263789684188,0.0459289318883997,0.5338970000000001,0.41
PARP12,1,0.04891177650457814,0.0337999995194356,0.7235469999999999,0.41
PRIM2,2,0.04876013916940561,0.06020000005267839,0.31503135,0.41
GGCX,1,0.04843628586711602,0.0667236320429081,0.362962,0.41
MAD1L1,1,0.048159647366480034,0.0359999995264351,0.668884,0.41
TEX41,1,0.04809583361704879,0.0368000000130447,0.653476,0.4
AGT,1,0.04635417539023026,0.0359999995264351,0.643808,0.39
INTERGENIC_chr7,1,0.046111737444198185,0.0751999997459151,0.306594,0.39
LRP1,1,0.04574307402019722,0.0582689081239758,0.392517,0.39
SWAP70,1,0.045334747162624485,0.048790164169432,0.464589,0.38
HNF1A,1,0.04502020844434348,0.0517999995907836,0.434558,0.38
FNDC3B,1,0.044747279135649035,0.0357999999485161,0.624962,0.38
EDNRA,1,0.0419594582069641,0.0810000003995307,0.259009,0.35
PECAM1,1,0.040819349711206196,0.0329999997665275,0.618475,0.34
TMEM106B,1,0.040463242097414635,0.0327000004019811,0.618704,0.34
FN1,1,0.038561270735173424,0.0434999997012558,0.443233,0.32
LINC02542,1,0.037265133720213214,0.0319000002741115,0.584093,0.31
HTRA1,1,0.036519667977076974,0.0331999999791607,0.549995,0.31
CORO6,1,0.03630105310163036,0.0395000001105863,0.459507,0.31
FHL3,1,0.03461823814757835,0.0412999999374603,0.419107,0.29
ZFPM2,1,0.03244536267879771,0.0319000002741115,0.508548,0.27
SLC22A3,1,0.031400728988779665,0.0512932944375505,0.30609,0.26
TRIM5,1,0.03134568806460659,0.078200000161178,0.20042,0.26
ZPR1,1,0.030109139828572853,0.0704999995986065,0.2135399999999999,0.25
ARHGAP42,1,0.0298077056105661,0.0368000000130447,0.404996,0.25
ARHGAP26,1,0.029513222098217187,0.0430000001430999,0.343177,0.25
DDX59-AS1,1,0.02892346882195719,0.0284000000215598,0.509216,0.24
ZEB2,1,0.028490887809578865,0.0504999996624792,0.282088,0.24
LAP3P2,1,0.02794556759100773,0.0279999995902111,0.499028,0.24
PLCG2,1,0.027806782875042943,0.0367000003630077,0.378839,0.23
UNC5C,1,0.02753245385580873,0.0386000003586392,0.356638,0.23
NOA1,1,0.027163142564181664,0.0563803334361076,0.240892,0.23
INTERGENIC_chr8,1,0.02710678123305509,0.0330999995519248,0.409468,0.23
CFTR,1,0.02693237382145473,0.0282999996022322,0.475837,0.23
PALLD,1,0.026874567739667312,0.0311000003930725,0.432067,0.23
DHX58,1,0.026335825782872885,0.0542999999646868,0.242503,0.22
SHROOM3,1,0.026274729871335535,0.0336000003469826,0.390993,0.22
ZHX3,1,0.026237978265738995,0.0371999998096458,0.352661,0.22
FLT1,1,0.025852687336418358,0.040400000213181,0.319959,0.22
PRKCE,1,0.02547522318400946,0.0331999999791607,0.383663,0.21
ATP2B1,1,0.02540785964276432,0.0295588022415444,0.429785,0.21
NCOA6,1,0.02504640804389313,0.0337999995194356,0.370509,0.21
APOC1,1,0.024586346100806393,0.0898407039997895,0.136833,0.21
CUX2,1,0.0245692764231717,0.0295588022415444,0.4155999999999999,0.21
STN1,1,0.024548413501773645,0.0327000004019811,0.375358,0.21
UMPS,1,0.023675643502400277,0.0678999997200912,0.174342,0.2
TCF21,1,0.023267222277945445,0.0760346862759975,0.153004,0.2
ABO,1,0.022834152742361762,0.0733999998147229,0.1555459999999999,0.19
FAM242C,1,0.022703283289832336,0.0832000003292057,0.136438,0.19
ARID4A,1,0.021890445892321038,0.0282999996022322,0.386757,0.18
DAB2IP,1,0.02135161692566131,0.0354999998764017,0.300727,0.18
MRPS6,1,0.019614918779043634,0.0676586484738148,0.1449549999999999,0.17
MIR670HG,1,0.01914407782574641,0.0314000003702679,0.304842,0.16
MRAS,1,0.019042754986558115,0.1133286853070032,0.0840156,0.16
SLC22A4,1,0.018828796920200685,0.0488000003115331,0.192918,0.16
LMOD1,1,0.017200407958685816,0.0358999999137707,0.23956,0.14
HGFAC,1,0.016992903343632498,0.0682999997734407,0.124399,0.14
MORN1,1,0.01583015696161528,0.0468999998862776,0.168765,0.13
ZNF652,1,0.014881618709376291,0.0533999996748132,0.139341,0.13
FCHO1,1,0.014306006388168136,0.0592999999509556,0.120624,0.12
SCARB1,1,0.013244754940626696,0.065499999706378,0.101105,0.11
ZNF831,1,0.01266903669991549,0.0517999995907836,0.122288,0.11
BCAP29,1,0.011368163880268619,0.0344999996366403,0.164756,0.1
CCDC97,1,0.011103147962403154,0.06999999976297,0.0793082,0.09
C5orf67,1,0.011018942506172507,0.0366000003526576,0.150532,0.09
ZNF335,1,0.01036137280352575,0.0424000000144278,0.122186,0.09
SH2B3,1,0.010235593149421959,0.0741999996333491,0.0689729999999999,0.09
BCAS3,1,0.008063433095721946,0.0751074724868054,0.0536793,0.07
CIMAP1A,1,0.0073326239035424075,0.0359999995264351,0.101842,0.06
NAA25,1,0.007316407256989149,0.0582689081239758,0.0627814,0.06
ILRUN,1,0.007284790778967531,0.0609999998238823,0.0597114,0.06
ABCA1,1,0.005592304726435576,0.0359999995264351,0.0776709,0.05
PRDM16,1,0.005307810755550704,0.0514000003442674,0.0516324,0.04
CARF,1,0.0051528420568136115,0.1222176327242491,0.0210806,0.04
BMP1,1,0.0039017998727873962,0.0957999998229106,0.0203643,0.03
GOSR2,1,0.0024525041740532053,0.0468999998862776,0.0261461,0.02
CD109,1,0.0019347140017297521,0.0460000000411268,0.0210295,0.02
